INSERT INTO department ( id,  name )
    VALUES  ( 1, 'Store Management' ),
            ( 2, 'Dairy' ),
            ( 3, 'Meat' ),
            ( 4, 'Grocery' ),
            ( 5, 'Deli' ),
            ( 6, 'Home Electronics' ),
            ( 7, 'Home Decor' ),
            ( 8, 'Kitchen & Storage' ),
            ( 9, 'Automotive' ),
            ( 10, 'Sports & Outdoor' ),
            ( 11, 'Garden' ),
            ( 12, 'Apparel' ),
            ( 13, 'Shoes' ),
            ( 14, 'Bookkeeping' ),
            ( 15, 'Receiving' ),
            ( 16, 'Human Resources' );

INSERT INTO role ( id, title, salary, department_id, manager_role )
    VALUES  ( 1, 'Store Manager', 150000, 1, true ),
            ( 2, 'Assistant Store Manager', 100000, 1, true ),
            ( 3, 'Grocery Manager', 90000, 2, true ),
            ( 4, 'Non-Food Manager', 90000, 2, true ),
            ( 5, 'Apparel Manager', 85000, 12, true ),
            ( 6, 'Home Electronics Manager', 85000, 6, true ),
            ( 7, 'Dairy Lead', 50000, 2, false ),
            ( 8, 'Meat Department Lead', 50000, 3, false ),
            ( 9, 'Deli Lead', 50000, 5, false ),
            ( 10, 'Grocery Daytime Lead', 50000, 4, false ),
            ( 11, 'Grocery Overnight Lead', 50000, 4, false ),
            ( 12, 'Home Electronics Lead', 45000, 6, false ),
            ( 13, 'Home Decor Lead', 45000, 7, false ),
            ( 14, 'Kitchen & Storage Lead', 45000, 8, false ),
            ( 15, 'Automotive Lead', 45000, 9, false ),
            ( 16, 'Sports & Outdoor Lead', 45000, 10, false ),
            ( 17, 'Garden Lead', 45000, 11, false ),
            ( 18, 'Apparel Lead', 45000, 12, false ),
            ( 19, 'Shoes Lead', 45000, 13, false ),
            ( 20, 'Human Resources Clerk', 80000, 16, false ),
            ( 21, 'Bookkeeper', 75000, 14, false ),
            ( 22, 'Backup Bookkeeper', 70000, 14, false ),
            ( 23, 'Receiving Clerk', 60000, 15, false ),
            ( 24, 'Grocery Clerk', 55000, 4, false ),
            ( 25, 'Home Decor Clerk', 50000, 7, false );

INSERT INTO employee ( id, first_name, last_name, role_id, manager_id ) 
    VALUES  ( 1, 'Rudolf', 'Fialka', 1, NULL ),
            ( 2, 'Josefine', 'Andreasen', 2, 1 ),
            ( 3, 'James', 'Drury', 3, 1 ),
            ( 4, 'Alica', 'Mickey', 4, 1 ),
            ( 5, 'Caleb', 'Makin', 5, 1 ),
            ( 6, 'Kerstin', 'Luft', 6, 1 ),
            ( 7, 'Lilian', 'Frederick', 10, 3 ),
            ( 8, 'Aune', 'Mallat', 11, 3 ),
            ( 9, 'Anoki', 'Gomzalez', 15, 4 ),
            ( 10, 'Conal', 'Shipe', 16, 4 ),
            ( 11, 'Augusta', 'Giordano', 18, 5 ),
            ( 12, 'Elyas', 'Fokkink', 19, 5 );